timestamp,cam,event,class,conf,box,track_id,image,clip
2025-11-13T17:21:13.352271,0,detect,person,0.911,"[122, 159, 540, 479]",0,,
2025-11-13T17:21:13.423383,0,detect,person,0.894,"[122, 159, 537, 479]",0,,
2025-11-13T17:21:13.492050,0,detect,person,0.87,"[121, 160, 539, 479]",0,,
2025-11-13T17:21:13.558357,0,detect,person,0.903,"[124, 158, 537, 479]",0,,
2025-11-13T17:21:13.636388,0,detect,person,0.888,"[125, 157, 536, 479]",0,,
2025-11-13T17:21:13.714757,0,detect,person,0.919,"[127, 153, 533, 479]",0,,
2025-11-13T17:21:13.800044,0,detect,person,0.917,"[124, 155, 533, 479]",0,,
2025-11-13T17:21:13.892263,0,detect,person,0.9,"[118, 153, 531, 479]",0,,
2025-11-13T17:21:13.979124,0,detect,person,0.906,"[113, 154, 530, 479]",0,,
2025-11-13T17:21:14.051278,0,detect,person,0.884,"[123, 156, 533, 479]",0,,
2025-11-13T17:21:14.118602,0,detect,person,0.883,"[123, 155, 533, 479]",0,,
2025-11-13T17:21:14.188491,0,detect,person,0.866,"[126, 155, 533, 479]",0,,
2025-11-13T17:21:14.261964,0,detect,person,0.871,"[126, 154, 533, 479]",0,,
2025-11-13T17:21:14.330110,0,detect,person,0.874,"[124, 154, 532, 479]",0,,
2025-11-13T17:21:14.396629,0,detect,person,0.906,"[125, 154, 531, 479]",0,,
2025-11-13T17:21:14.462669,0,detect,person,0.897,"[125, 155, 533, 479]",0,,
2025-11-13T17:21:14.533263,0,detect,person,0.897,"[126, 154, 535, 479]",0,,
2025-11-13T17:21:14.614597,0,detect,person,0.893,"[127, 155, 532, 479]",0,,
2025-11-13T17:21:14.686485,0,detect,person,0.909,"[126, 154, 532, 479]",0,,
2025-11-13T17:21:14.756604,0,detect,person,0.813,"[123, 155, 532, 479]",0,,
2025-11-13T17:21:14.845136,0,detect,person,0.863,"[123, 153, 531, 479]",0,,
2025-11-13T17:21:14.913258,0,detect,person,0.897,"[126, 156, 532, 479]",0,,
2025-11-13T17:21:14.994168,0,detect,person,0.89,"[125, 155, 531, 479]",0,,
2025-11-13T17:21:15.124393,0,detect,person,0.899,"[125, 154, 532, 479]",0,,
2025-11-13T17:21:15.215227,0,detect,person,0.913,"[125, 155, 530, 479]",0,,
2025-11-13T17:21:15.288438,0,detect,person,0.874,"[125, 155, 531, 479]",0,,
2025-11-13T17:21:15.363622,0,detect,person,0.855,"[124, 155, 530, 479]",0,,
2025-11-13T17:21:15.433194,0,detect,person,0.856,"[122, 154, 532, 479]",0,,
2025-11-13T17:21:15.531633,0,detect,person,0.895,"[123, 154, 530, 479]",0,,
2025-11-13T17:21:15.613586,0,detect,person,0.886,"[125, 154, 530, 479]",0,,
2025-11-13T17:21:15.697634,0,detect,person,0.895,"[122, 155, 534, 479]",0,,
2025-11-13T17:21:15.766903,0,detect,person,0.852,"[124, 154, 533, 479]",0,,
2025-11-13T17:21:15.836591,0,detect,person,0.9,"[124, 152, 532, 479]",0,,
2025-11-13T17:21:15.906280,0,detect,person,0.856,"[122, 152, 536, 479]",0,,
2025-11-13T17:21:15.977041,0,detect,person,0.866,"[124, 151, 534, 479]",0,,
2025-11-13T17:21:16.058860,0,detect,person,0.899,"[125, 151, 535, 479]",0,,
2025-11-13T17:21:16.131052,0,detect,person,0.895,"[123, 151, 533, 479]",0,,
2025-11-13T17:21:16.207359,0,detect,person,0.895,"[124, 151, 535, 479]",0,,
2025-11-13T17:21:16.401130,0,detect,person,0.894,"[124, 153, 537, 479]",0,,
2025-11-13T17:21:16.470587,0,detect,person,0.87,"[127, 155, 536, 479]",0,,
2025-11-13T17:21:16.541608,0,detect,person,0.895,"[126, 154, 536, 479]",0,,
2025-11-13T17:21:16.622138,0,detect,person,0.883,"[127, 155, 532, 479]",0,,
2025-11-13T17:21:16.688413,0,detect,person,0.903,"[125, 155, 532, 479]",0,,
2025-11-13T17:21:16.763807,0,detect,person,0.908,"[122, 154, 533, 479]",0,,
2025-11-13T17:21:16.832423,0,detect,person,0.908,"[127, 154, 533, 479]",0,,
2025-11-13T17:21:16.900082,0,detect,person,0.895,"[127, 154, 534, 479]",0,,
2025-11-13T17:21:17.018045,0,detect,person,0.906,"[127, 154, 534, 479]",0,,
2025-11-13T17:21:17.143451,0,detect,person,0.916,"[123, 154, 532, 479]",0,,
2025-11-13T17:21:17.296251,0,detect,person,0.908,"[120, 151, 532, 479]",0,,
2025-11-13T17:21:17.676377,0,detect,person,0.905,"[124, 150, 532, 479]",0,,
2025-11-13T17:21:17.959000,0,detect,person,0.916,"[121, 145, 528, 479]",0,,
2025-11-13T17:21:18.231143,0,detect,person,0.918,"[118, 146, 527, 479]",0,,
2025-11-13T17:21:18.341462,0,detect,person,0.92,"[118, 147, 526, 479]",0,,
2025-11-13T17:21:18.597248,0,detect,person,0.916,"[120, 147, 523, 479]",0,,
2025-11-13T17:21:18.731626,0,detect,person,0.906,"[119, 146, 524, 479]",0,,
2025-11-13T17:21:19.063506,0,detect,person,0.915,"[120, 148, 524, 479]",0,,
2025-11-13T17:21:19.181571,0,detect,person,0.914,"[119, 147, 521, 479]",0,,
2025-11-13T17:21:19.427963,0,detect,person,0.921,"[119, 147, 521, 479]",0,,
2025-11-13T17:21:19.615126,0,detect,person,0.919,"[120, 148, 522, 479]",0,,
2025-11-13T17:21:19.721647,0,detect,person,0.907,"[121, 149, 521, 479]",0,,
2025-11-13T17:21:19.854860,0,detect,person,0.922,"[118, 148, 521, 479]",0,,
2025-11-13T17:21:20.043649,0,detect,person,0.92,"[121, 150, 521, 479]",0,,
2025-11-13T17:21:20.203598,0,detect,person,0.919,"[119, 150, 521, 479]",0,,
2025-11-13T17:21:20.333554,0,detect,person,0.926,"[119, 149, 522, 479]",0,,
2025-11-13T17:21:20.450716,0,detect,person,0.927,"[119, 149, 522, 479]",0,,
2025-11-13T17:21:20.717200,0,detect,person,0.919,"[119, 148, 522, 479]",0,,
2025-11-13T17:21:20.858613,0,detect,person,0.911,"[120, 149, 522, 479]",0,,
2025-11-13T17:21:20.994362,0,detect,person,0.918,"[118, 149, 523, 479]",0,,
2025-11-13T17:21:21.113115,0,detect,person,0.916,"[118, 149, 524, 479]",0,,
2025-11-13T17:21:21.221203,0,detect,person,0.911,"[119, 148, 523, 479]",0,,
2025-11-13T17:21:21.409925,0,detect,person,0.925,"[126, 147, 522, 479]",0,,
2025-11-13T17:21:21.657416,0,detect,person,0.918,"[130, 147, 522, 479]",0,,
2025-11-13T17:21:21.786613,0,detect,person,0.927,"[133, 151, 522, 479]",0,,
2025-11-13T17:21:21.907056,0,detect,person,0.921,"[136, 153, 522, 479]",0,,
2025-11-13T17:21:22.024646,0,detect,person,0.912,"[138, 154, 523, 479]",0,,
2025-11-13T17:21:22.137104,0,detect,person,0.922,"[139, 153, 523, 479]",0,,
2025-11-13T17:21:22.506274,0,detect,person,0.933,"[142, 156, 523, 479]",0,,
2025-11-13T17:21:22.606775,0,detect,person,0.934,"[145, 156, 522, 479]",0,,
2025-11-13T17:21:22.775218,0,detect,person,0.946,"[145, 155, 523, 479]",0,,
2025-11-13T17:21:22.893241,0,detect,person,0.924,"[146, 156, 521, 479]",0,,
2025-11-13T17:21:23.030366,0,detect,person,0.926,"[146, 156, 521, 479]",0,,
2025-11-13T17:21:23.127892,0,detect,person,0.929,"[145, 156, 521, 479]",0,,
2025-11-13T17:21:23.231712,0,detect,person,0.904,"[147, 156, 521, 479]",0,,
2025-11-13T17:21:23.346775,0,detect,person,0.92,"[145, 155, 520, 479]",0,,
2025-11-13T17:21:23.449906,0,detect,person,0.922,"[146, 155, 521, 479]",0,,
2025-11-13T17:21:23.560605,0,detect,person,0.926,"[145, 155, 521, 479]",0,,
2025-11-13T17:21:23.744961,0,detect,person,0.919,"[147, 156, 521, 479]",0,,
2025-11-13T17:21:23.853118,0,detect,person,0.916,"[144, 155, 519, 479]",0,,
2025-11-13T17:21:23.956094,0,detect,person,0.903,"[147, 156, 520, 479]",0,,
2025-11-13T17:21:23.960061,0,detect,cell phone,0.422,"[269, 319, 376, 470]",1,,
2025-11-13T17:21:23.963723,0,detect,cell phone,0.393,"[272, 320, 374, 429]",2,,
2025-11-13T17:21:24.066074,0,detect,person,0.911,"[146, 156, 520, 479]",0,,
2025-11-13T17:21:24.188879,0,detect,person,0.929,"[142, 154, 522, 479]",0,,
2025-11-13T17:21:24.300877,0,detect,person,0.923,"[136, 156, 519, 479]",0,,
2025-11-13T17:21:24.459162,0,detect,person,0.923,"[133, 157, 519, 479]",0,,
2025-11-13T17:21:24.573498,0,detect,person,0.92,"[124, 157, 518, 479]",0,,
2025-11-13T17:21:24.715110,0,detect,person,0.912,"[116, 158, 518, 479]",0,,
2025-11-13T17:21:24.842174,0,detect,person,0.904,"[109, 158, 517, 479]",0,,
2025-11-13T17:21:24.952673,0,detect,person,0.895,"[107, 158, 516, 479]",0,,
2025-11-13T17:21:25.093938,0,detect,person,0.891,"[104, 156, 517, 479]",0,,
2025-11-13T17:21:25.233680,0,detect,person,0.891,"[109, 155, 519, 479]",0,,
2025-11-13T17:21:25.361793,0,detect,person,0.902,"[108, 152, 519, 479]",0,,
2025-11-13T17:21:25.659934,0,detect,person,0.907,"[109, 152, 521, 479]",0,,
2025-11-13T17:21:25.798439,0,detect,person,0.895,"[109, 153, 522, 479]",0,,
2025-11-13T17:21:25.946252,0,detect,person,0.866,"[112, 155, 518, 479]",0,,
2025-11-13T17:21:26.093759,0,detect,person,0.868,"[112, 154, 525, 479]",0,,
2025-11-13T17:21:26.224772,0,detect,person,0.782,"[112, 156, 524, 479]",0,,
2025-11-13T17:21:26.340867,0,detect,person,0.89,"[107, 156, 521, 479]",0,,
2025-11-13T17:21:26.484443,0,detect,person,0.867,"[113, 156, 521, 479]",0,,
2025-11-13T17:21:26.612815,0,detect,person,0.889,"[111, 153, 521, 479]",0,,
2025-11-13T17:21:26.726302,0,detect,person,0.908,"[112, 152, 521, 479]",0,,
2025-11-13T17:21:27.131527,0,detect,person,0.908,"[112, 154, 520, 479]",0,,
2025-11-13T17:21:27.314382,0,detect,person,0.912,"[114, 154, 518, 479]",0,,
2025-11-13T17:21:27.510420,0,detect,person,0.918,"[116, 151, 519, 479]",0,,
2025-11-13T17:21:27.617060,0,detect,person,0.892,"[115, 151, 517, 479]",0,,
2025-11-13T17:21:27.744769,0,detect,person,0.873,"[116, 152, 518, 479]",0,,
2025-11-13T17:21:27.882829,0,detect,person,0.898,"[113, 152, 517, 479]",0,,
2025-11-13T17:21:28.057014,0,detect,person,0.901,"[114, 150, 518, 479]",0,,
2025-11-13T17:21:28.257371,0,detect,person,0.895,"[114, 152, 517, 479]",0,,
2025-11-13T17:21:28.370837,0,detect,person,0.887,"[116, 152, 517, 479]",0,,
2025-11-13T17:21:28.506025,0,detect,person,0.873,"[116, 152, 514, 479]",0,,
2025-11-13T17:21:28.739941,0,detect,person,0.913,"[116, 152, 516, 479]",0,,
2025-11-13T17:21:28.917826,0,detect,person,0.915,"[115, 151, 518, 479]",0,,
2025-11-13T17:21:29.036669,0,detect,person,0.895,"[115, 152, 517, 479]",0,,
2025-11-13T17:21:29.151532,0,detect,person,0.89,"[115, 155, 518, 479]",0,,
2025-11-13T17:21:29.352043,0,detect,person,0.906,"[115, 154, 518, 479]",0,,
2025-11-13T17:21:29.500007,0,detect,person,0.905,"[113, 154, 519, 479]",0,,
2025-11-13T17:21:29.641539,0,detect,person,0.909,"[115, 154, 519, 479]",0,,
2025-11-13T17:21:29.748844,0,detect,person,0.915,"[115, 154, 519, 479]",0,,
2025-11-13T17:21:29.851082,0,detect,person,0.916,"[116, 153, 520, 479]",0,,
2025-11-13T17:21:29.964046,0,detect,person,0.888,"[112, 156, 520, 479]",0,,
2025-11-13T17:21:30.112883,0,detect,person,0.908,"[114, 154, 519, 479]",0,,
2025-11-13T17:21:30.233864,0,detect,person,0.917,"[113, 153, 521, 479]",0,,
2025-11-13T17:21:30.325155,0,detect,person,0.875,"[112, 155, 519, 479]",0,,
2025-11-13T17:21:30.429759,0,detect,person,0.899,"[114, 153, 521, 479]",0,,
2025-11-13T17:21:30.533122,0,detect,person,0.899,"[114, 153, 520, 479]",0,,
2025-11-13T17:21:30.640789,0,detect,person,0.912,"[114, 153, 519, 479]",0,,
2025-11-13T17:21:30.757835,0,detect,person,0.909,"[114, 153, 520, 479]",0,,
2025-11-13T17:21:30.844653,0,detect,person,0.887,"[113, 154, 520, 479]",0,,
2025-11-13T17:21:30.941830,0,detect,person,0.917,"[113, 153, 521, 479]",0,,
2025-11-13T17:21:31.060983,0,detect,person,0.916,"[113, 152, 521, 479]",0,,
2025-11-13T17:21:31.165406,0,detect,person,0.909,"[114, 155, 520, 479]",0,,
2025-11-13T17:21:31.247406,0,detect,person,0.911,"[115, 153, 520, 479]",0,,
2025-11-13T17:21:31.362949,0,detect,person,0.869,"[113, 152, 519, 479]",0,,
2025-11-13T17:21:31.453472,0,detect,person,0.908,"[113, 152, 519, 479]",0,,
2025-11-13T17:21:31.544227,0,detect,person,0.917,"[114, 153, 520, 479]",0,,
2025-11-13T17:21:31.763936,0,detect,person,0.9,"[113, 155, 520, 479]",0,,
2025-11-13T17:21:31.853972,0,detect,person,0.91,"[114, 153, 521, 479]",0,,
2025-11-13T17:21:31.956143,0,detect,person,0.899,"[113, 153, 520, 479]",0,,
2025-11-13T17:21:32.056728,0,detect,person,0.907,"[113, 153, 520, 479]",0,,
2025-11-13T17:21:32.155438,0,detect,person,0.912,"[115, 153, 520, 479]",0,,
2025-11-13T17:21:32.266906,0,detect,person,0.911,"[114, 153, 520, 479]",0,,
2025-11-13T17:21:32.344469,0,detect,person,0.905,"[114, 153, 520, 479]",0,,
2025-11-13T17:21:32.432608,0,detect,person,0.904,"[115, 152, 519, 479]",0,,
2025-11-13T17:21:32.556204,0,detect,person,0.912,"[115, 152, 520, 479]",0,,
2025-11-13T17:21:32.655041,0,detect,person,0.908,"[114, 152, 519, 479]",0,,
2025-11-13T17:21:32.761122,0,detect,person,0.875,"[113, 155, 518, 479]",0,,
2025-11-13T17:21:32.858220,0,detect,person,0.911,"[114, 153, 519, 479]",0,,
2025-11-13T17:21:32.959444,0,detect,person,0.917,"[114, 153, 519, 479]",0,,
2025-11-13T17:21:33.105868,0,detect,person,0.922,"[115, 153, 519, 479]",0,,
2025-11-13T17:21:33.205075,0,detect,person,0.925,"[115, 153, 519, 479]",0,,
2025-11-13T17:21:33.289908,0,detect,person,0.903,"[113, 154, 519, 479]",0,,
2025-11-13T17:21:33.388477,0,detect,person,0.921,"[115, 154, 519, 479]",0,,
2025-11-13T17:21:33.495521,0,detect,person,0.911,"[115, 153, 518, 479]",0,,
2025-11-13T17:21:33.604593,0,detect,person,0.895,"[116, 155, 518, 479]",0,,
2025-11-13T17:21:33.709825,0,detect,person,0.915,"[115, 153, 517, 479]",0,,
2025-11-13T17:21:33.791564,0,detect,person,0.909,"[116, 155, 518, 479]",0,,
2025-11-13T17:21:33.887485,0,detect,person,0.908,"[115, 154, 518, 479]",0,,
2025-11-13T17:21:34.006909,0,detect,person,0.902,"[116, 154, 518, 479]",0,,
2025-11-13T17:21:34.104533,0,detect,person,0.893,"[115, 154, 520, 479]",0,,
2025-11-13T17:21:34.191822,0,detect,person,0.909,"[115, 153, 518, 479]",0,,
2025-11-13T17:21:34.288866,0,detect,person,0.918,"[115, 154, 519, 479]",0,,
2025-11-13T17:21:34.400981,0,detect,person,0.819,"[111, 155, 516, 479]",0,,
2025-11-13T17:21:34.487143,0,detect,person,0.877,"[113, 152, 518, 479]",0,,
2025-11-13T17:21:34.577584,0,detect,person,0.575,"[116, 155, 518, 479]",0,,
2025-11-13T17:21:34.802491,0,detect,person,0.864,"[116, 154, 519, 479]",0,,
2025-11-13T17:21:34.893899,0,detect,person,0.64,"[114, 158, 524, 479]",0,,
2025-11-13T17:21:34.987149,0,detect,person,0.812,"[113, 156, 533, 479]",0,,
2025-11-13T17:21:35.087447,0,detect,person,0.889,"[113, 158, 532, 479]",0,,
2025-11-13T17:21:35.362823,0,detect,person,0.839,"[114, 155, 524, 479]",0,,
2025-11-13T17:21:35.455072,0,detect,person,0.782,"[116, 159, 532, 479]",0,,
2025-11-13T17:21:35.589869,0,detect,person,0.762,"[118, 158, 535, 479]",0,,
2025-11-13T17:21:35.702954,0,detect,person,0.891,"[119, 156, 534, 479]",0,,
2025-11-13T17:21:35.801807,0,detect,person,0.871,"[117, 157, 533, 479]",0,,
2025-11-13T17:21:35.899830,0,detect,person,0.84,"[117, 157, 531, 479]",0,,
2025-11-13T17:21:35.997755,0,detect,person,0.787,"[116, 156, 524, 479]",0,,
2025-11-13T17:21:36.099104,0,detect,person,0.775,"[119, 153, 522, 479]",0,,
2025-11-13T17:21:36.231014,0,detect,person,0.867,"[117, 158, 520, 479]",0,,
2025-11-13T17:21:36.338361,0,detect,person,0.846,"[117, 155, 518, 479]",0,,
2025-11-13T17:21:36.431511,0,detect,person,0.648,"[117, 160, 433, 479]",0,,
2025-11-13T17:21:36.436521,0,detect,person,0.371,"[380, 321, 517, 479]",1,,
2025-11-13T17:21:36.546453,0,detect,person,0.794,"[115, 159, 514, 479]",0,,
2025-11-13T17:21:36.663706,0,detect,person,0.832,"[115, 161, 518, 479]",0,,
2025-11-13T17:21:36.780550,0,detect,person,0.796,"[114, 158, 519, 479]",0,,
2025-11-13T17:21:36.890020,0,detect,person,0.867,"[117, 160, 518, 479]",0,,
2025-11-13T17:21:37.014869,0,detect,person,0.863,"[115, 159, 517, 479]",0,,
2025-11-13T17:21:37.113835,0,detect,person,0.836,"[118, 157, 522, 479]",0,,
2025-11-13T17:21:37.245632,0,detect,person,0.897,"[119, 158, 519, 479]",0,,
2025-11-13T17:21:37.418884,0,detect,person,0.894,"[117, 157, 525, 479]",0,,
2025-11-13T17:21:37.534435,0,detect,person,0.848,"[112, 160, 518, 479]",0,,
2025-11-13T17:21:37.648138,0,detect,person,0.704,"[105, 162, 515, 479]",0,,
2025-11-13T17:21:37.874015,0,detect,person,0.499,"[100, 164, 511, 479]",0,,
2025-11-13T17:21:37.977709,0,detect,person,0.482,"[104, 166, 500, 479]",0,,
2025-11-13T17:21:38.078092,0,detect,person,0.392,"[17, 164, 490, 479]",0,,
2025-11-13T17:21:38.179692,0,detect,person,0.738,"[3, 158, 479, 479]",0,,
2025-11-13T17:21:38.266681,0,detect,person,0.814,"[0, 150, 474, 479]",0,,
2025-11-13T17:21:38.368415,0,detect,person,0.758,"[0, 149, 476, 479]",0,,
2025-11-13T17:21:38.464163,0,detect,person,0.836,"[0, 147, 477, 479]",0,,
2025-11-13T17:21:38.574190,0,detect,person,0.88,"[0, 149, 474, 479]",0,,
2025-11-13T17:21:38.668486,0,detect,person,0.893,"[0, 152, 474, 479]",0,,
2025-11-13T17:21:38.760996,0,detect,person,0.767,"[0, 156, 472, 479]",0,,
2025-11-13T17:21:38.855690,0,detect,person,0.854,"[0, 158, 485, 479]",0,,
2025-11-13T17:21:38.942911,0,detect,person,0.64,"[13, 160, 486, 479]",0,,
2025-11-13T17:21:39.045830,0,detect,person,0.877,"[71, 157, 490, 479]",0,,
2025-11-13T17:21:39.143483,0,detect,person,0.88,"[96, 155, 505, 479]",0,,
2025-11-13T17:21:39.240057,0,detect,person,0.88,"[104, 154, 510, 479]",0,,
2025-11-13T17:21:39.348993,0,detect,person,0.875,"[111, 153, 516, 479]",0,,
2025-11-13T17:21:39.433646,0,detect,person,0.906,"[112, 149, 527, 479]",0,,
2025-11-13T17:21:39.510959,0,detect,person,0.899,"[116, 146, 532, 479]",0,,
2025-11-13T17:21:39.590110,0,detect,person,0.921,"[118, 145, 534, 479]",0,,
2025-11-13T17:21:39.675682,0,detect,person,0.91,"[118, 144, 537, 479]",0,,
2025-11-13T17:21:39.806966,0,detect,person,0.91,"[121, 144, 537, 479]",0,,
2025-11-13T17:21:39.913236,0,detect,person,0.906,"[122, 145, 538, 479]",0,,
2025-11-13T17:21:40.007477,0,detect,person,0.916,"[116, 144, 533, 479]",0,,
2025-11-13T17:21:40.100798,0,detect,person,0.91,"[120, 145, 534, 479]",0,,
2025-11-13T17:21:40.223504,0,detect,person,0.913,"[123, 146, 536, 479]",0,,
2025-11-13T17:21:40.342139,0,detect,person,0.916,"[123, 146, 535, 479]",0,,
2025-11-13T17:21:40.444355,0,detect,person,0.905,"[117, 144, 532, 479]",0,,
2025-11-13T17:21:40.545570,0,detect,person,0.911,"[125, 144, 534, 479]",0,,
2025-11-13T17:21:40.644106,0,detect,person,0.902,"[123, 146, 531, 479]",0,,
2025-11-13T17:21:40.879686,0,detect,person,0.906,"[121, 146, 534, 479]",0,,
2025-11-13T17:21:40.984355,0,detect,person,0.916,"[123, 149, 530, 479]",0,,
2025-11-13T17:21:41.097306,0,detect,person,0.916,"[122, 148, 533, 479]",0,,
2025-11-13T17:21:41.210138,0,detect,person,0.913,"[123, 148, 531, 479]",0,,
2025-11-13T17:21:41.320038,0,detect,person,0.919,"[124, 149, 532, 479]",0,,
2025-11-13T17:21:41.428824,0,detect,person,0.916,"[124, 150, 531, 479]",0,,
2025-11-13T17:21:41.544686,0,detect,person,0.906,"[122, 150, 531, 479]",0,,
2025-11-13T17:21:41.648865,0,detect,person,0.91,"[124, 150, 531, 479]",0,,
2025-11-13T17:21:41.753367,0,detect,person,0.92,"[125, 150, 532, 479]",0,,
2025-11-13T17:21:41.878876,0,detect,person,0.905,"[123, 150, 531, 479]",0,,
2025-11-13T17:21:41.991466,0,detect,person,0.912,"[124, 150, 530, 479]",0,,
2025-11-13T17:21:42.101589,0,detect,person,0.901,"[126, 152, 530, 479]",0,,
2025-11-13T17:21:42.213193,0,detect,person,0.924,"[124, 152, 530, 479]",0,,
2025-11-13T17:21:42.318466,0,detect,person,0.917,"[129, 153, 530, 479]",0,,
2025-11-13T17:21:42.508029,0,detect,person,0.919,"[131, 153, 528, 479]",0,,
2025-11-13T17:21:42.618107,0,detect,person,0.918,"[131, 153, 524, 479]",0,,
2025-11-13T17:21:42.854408,0,detect,person,0.917,"[134, 154, 522, 479]",0,,
2025-11-13T17:21:43.089862,0,detect,person,0.902,"[135, 157, 517, 479]",0,,
2025-11-13T17:21:43.326391,0,detect,person,0.914,"[138, 155, 518, 479]",0,,
2025-11-13T17:21:43.544703,0,detect,person,0.894,"[137, 157, 516, 479]",0,,
2025-11-13T17:21:43.876332,0,detect,person,0.895,"[137, 156, 515, 479]",0,,
2025-11-13T17:21:44.120979,0,detect,person,0.919,"[137, 157, 513, 479]",0,,
2025-11-13T17:21:44.342455,0,detect,person,0.913,"[134, 157, 514, 479]",0,,
2025-11-13T17:21:44.346880,0,detect,cell phone,0.365,"[274, 306, 342, 388]",1,,
2025-11-13T17:21:44.575234,0,detect,person,0.912,"[119, 165, 516, 479]",0,,
2025-11-13T17:21:44.709912,0,detect,person,0.909,"[115, 170, 518, 479]",0,,
2025-11-13T17:21:44.868807,0,detect,person,0.902,"[114, 169, 522, 479]",0,,
2025-11-13T17:21:44.986984,0,detect,person,0.914,"[116, 168, 523, 479]",0,,
2025-11-13T17:21:45.129004,0,detect,person,0.917,"[121, 166, 524, 479]",0,,
2025-11-13T17:21:45.238205,0,detect,person,0.916,"[117, 164, 525, 479]",0,,
2025-11-13T17:21:45.455435,0,detect,person,0.91,"[116, 163, 525, 479]",0,,
2025-11-13T17:21:45.620668,0,detect,person,0.894,"[111, 159, 527, 479]",0,,
2025-11-13T17:21:45.788724,0,detect,person,0.894,"[114, 155, 529, 479]",0,,
2025-11-13T17:21:46.015849,0,detect,person,0.907,"[115, 156, 531, 479]",0,,
2025-11-13T17:21:46.263477,0,detect,person,0.91,"[116, 157, 531, 479]",0,,
2025-11-13T17:21:46.577279,0,detect,person,0.908,"[116, 158, 531, 479]",0,,
2025-11-13T17:21:47.099004,0,detect,person,0.875,"[116, 157, 530, 479]",0,,
2025-11-13T17:21:47.550441,0,detect,person,0.891,"[114, 153, 525, 479]",0,,
2025-11-13T17:21:47.961642,0,detect,person,0.888,"[115, 151, 522, 479]",0,,
2025-11-13T17:21:48.487808,0,detect,person,0.914,"[117, 151, 524, 479]",0,,
2025-11-13T17:21:48.986264,0,detect,person,0.909,"[117, 151, 523, 479]",0,,
2025-11-13T17:21:49.376038,0,detect,person,0.856,"[114, 150, 481, 479]",0,,
2025-11-13T17:21:49.699726,0,detect,person,0.921,"[98, 149, 450, 479]",0,,
2025-11-13T17:21:50.166405,0,detect,person,0.895,"[98, 151, 443, 479]",0,,
2025-11-13T17:21:50.691528,0,detect,person,0.915,"[96, 157, 448, 479]",0,,
2025-11-13T17:21:51.050071,0,detect,person,0.502,"[106, 174, 396, 479]",0,,
2025-11-13T17:21:51.458693,0,detect,person,0.788,"[111, 177, 559, 479]",0,,
2025-11-13T17:21:51.854845,0,detect,person,0.651,"[108, 177, 566, 479]",0,,
2025-11-13T17:21:52.402020,0,detect,person,0.661,"[112, 177, 550, 479]",0,,
2025-11-13T17:21:52.418019,0,detect,person,0.407,"[81, 129, 624, 477]",1,,
2025-11-13T17:21:52.785596,0,detect,person,0.693,"[114, 179, 570, 479]",0,,
2025-11-13T17:21:52.796720,0,detect,bird,0.513,"[355, 145, 638, 478]",1,,
2025-11-13T17:21:53.295026,0,detect,person,0.83,"[114, 177, 583, 479]",0,,
2025-11-13T17:21:53.721979,0,detect,person,0.853,"[113, 179, 583, 479]",0,,
2025-11-13T17:21:54.086859,0,detect,person,0.87,"[108, 178, 558, 479]",0,,
2025-11-13T17:21:54.100394,0,detect,bird,0.537,"[399, 206, 637, 479]",1,,
2025-11-13T17:21:54.693602,0,detect,person,0.888,"[107, 176, 580, 479]",0,,
2025-11-13T17:21:55.253687,0,detect,person,0.655,"[112, 175, 605, 479]",0,,
2025-11-13T17:21:55.614596,0,detect,person,0.726,"[103, 177, 590, 479]",0,,
2025-11-13T17:21:56.001135,0,detect,person,0.735,"[113, 176, 609, 479]",0,,
2025-11-13T17:21:56.530281,0,detect,person,0.796,"[109, 176, 583, 479]",0,,
2025-11-13T17:21:56.974662,0,detect,person,0.696,"[107, 176, 569, 479]",0,,
2025-11-13T17:21:57.409979,0,detect,person,0.426,"[111, 175, 549, 479]",0,,
2025-11-13T17:21:57.788722,0,detect,person,0.597,"[111, 176, 546, 479]",0,,
2025-11-13T17:21:58.111877,0,detect,person,0.386,"[111, 175, 548, 479]",0,,
2025-11-13T17:21:58.123380,0,detect,bottle,0.372,"[425, 279, 539, 479]",1,,
2025-11-13T17:21:58.436219,0,detect,person,0.35,"[106, 176, 561, 479]",0,,
2025-11-13T17:21:58.720653,0,detect,person,0.642,"[114, 176, 488, 479]",0,,
2025-11-13T17:21:59.072439,0,detect,person,0.716,"[114, 175, 507, 479]",0,,
2025-11-13T17:21:59.672807,0,detect,person,0.756,"[110, 174, 582, 479]",0,,
2025-11-13T17:21:59.682064,0,detect,bottle,0.694,"[487, 290, 572, 479]",1,,
2025-11-13T17:22:00.046653,0,detect,person,0.742,"[108, 174, 585, 479]",0,,
2025-11-13T17:22:00.462418,0,detect,person,0.582,"[110, 175, 536, 479]",0,,
2025-11-13T17:22:00.841050,0,detect,person,0.709,"[113, 175, 451, 479]",0,,
2025-11-13T17:22:01.153666,0,detect,person,0.835,"[113, 174, 460, 479]",0,,
2025-11-13T17:22:01.447652,0,detect,person,0.775,"[115, 174, 495, 479]",0,,
2025-11-13T17:22:01.455973,0,detect,person,0.506,"[454, 285, 639, 479]",1,,
2025-11-13T17:22:01.743157,0,detect,person,0.841,"[115, 174, 523, 479]",0,,
2025-11-13T17:22:01.753057,0,detect,person,0.371,"[478, 298, 639, 480]",1,,
2025-11-13T17:22:02.203943,0,detect,person,0.853,"[114, 173, 554, 479]",0,,
2025-11-13T17:22:02.215208,0,detect,person,0.411,"[541, 273, 639, 479]",1,,
2025-11-13T17:22:02.686242,0,detect,person,0.889,"[117, 172, 526, 479]",0,,
2025-11-13T17:22:02.996543,0,detect,person,0.855,"[113, 170, 519, 479]",0,,
2025-11-13T17:22:03.271215,0,detect,person,0.867,"[126, 170, 528, 479]",0,,
2025-11-13T17:22:03.618427,0,detect,person,0.885,"[128, 164, 548, 479]",0,,
2025-11-13T17:22:03.938591,0,detect,person,0.859,"[139, 148, 561, 479]",0,,
2025-11-13T17:22:04.291062,0,detect,person,0.865,"[142, 140, 573, 479]",0,,
2025-11-13T17:22:04.576021,0,detect,person,0.888,"[139, 138, 576, 479]",0,,
2025-11-13T17:22:04.760405,0,detect,person,0.9,"[144, 137, 569, 479]",0,,
2025-11-13T17:22:05.040052,0,detect,person,0.915,"[155, 140, 566, 479]",0,,
2025-11-13T17:22:05.252705,0,detect,person,0.901,"[159, 143, 560, 479]",0,,
2025-11-13T17:22:05.512385,0,detect,person,0.896,"[161, 149, 553, 479]",0,,
2025-11-13T17:22:05.903453,0,detect,person,0.918,"[164, 149, 552, 479]",0,,
2025-11-13T17:22:06.117893,0,detect,person,0.909,"[163, 152, 551, 479]",0,,
2025-11-13T17:22:06.387043,0,detect,person,0.906,"[162, 152, 548, 479]",0,,
2025-11-13T17:22:06.562943,0,detect,person,0.919,"[157, 156, 533, 479]",0,,
2025-11-13T17:22:06.797793,0,detect,person,0.909,"[150, 165, 529, 479]",0,,
2025-11-13T17:22:06.806928,0,detect,cell phone,0.559,"[273, 322, 326, 412]",1,,
2025-11-13T17:22:07.022745,0,detect,person,0.88,"[129, 174, 518, 479]",0,,
2025-11-13T17:22:07.218364,0,detect,person,0.87,"[122, 176, 505, 479]",0,,
2025-11-13T17:22:07.384990,0,detect,person,0.865,"[95, 179, 487, 479]",0,,
2025-11-13T17:22:07.556764,0,detect,person,0.843,"[82, 177, 475, 479]",0,,
2025-11-13T17:22:07.731643,0,detect,person,0.858,"[82, 180, 470, 479]",0,,
2025-11-13T17:22:07.944795,0,detect,person,0.867,"[80, 180, 470, 479]",0,,
2025-11-13T17:22:08.105729,0,detect,person,0.883,"[69, 175, 476, 479]",0,,
2025-11-13T17:22:08.273792,0,detect,person,0.865,"[42, 178, 482, 479]",0,,
2025-11-13T17:22:08.545543,0,detect,person,0.821,"[18, 175, 478, 479]",0,,
2025-11-13T17:22:08.943421,0,detect,person,0.716,"[1, 172, 456, 479]",0,,
2025-11-13T17:22:09.204832,0,detect,person,0.794,"[2, 180, 448, 479]",0,,
2025-11-13T17:22:10.428582,0,detect,person,0.372,"[0, 264, 89, 479]",0,,
2025-11-13T17:22:10.918594,0,detect,person,0.492,"[0, 266, 287, 478]",0,,
2025-11-13T17:22:11.223855,0,detect,person,0.683,"[0, 276, 286, 479]",0,,
2025-11-13T17:22:11.540498,0,detect,person,0.743,"[0, 275, 294, 479]",0,,
2025-11-13T17:22:12.162905,0,detect,person,0.801,"[0, 275, 291, 479]",0,,
2025-11-13T17:22:12.566539,0,detect,person,0.753,"[0, 276, 293, 479]",0,,
2025-11-13T17:22:12.925056,0,detect,person,0.621,"[0, 280, 291, 479]",0,,
2025-11-13T17:22:13.344656,0,detect,person,0.741,"[0, 282, 290, 479]",0,,
2025-11-13T17:22:13.660590,0,detect,person,0.572,"[0, 281, 290, 479]",0,,
2025-11-13T17:22:13.935814,0,detect,person,0.748,"[0, 281, 289, 479]",0,,
2025-11-13T17:22:14.338759,0,detect,person,0.726,"[0, 281, 290, 479]",0,,
2025-11-13T17:22:14.582847,0,detect,person,0.759,"[0, 278, 289, 479]",0,,
2025-11-13T17:22:14.781676,0,detect,person,0.734,"[0, 280, 291, 479]",0,,
2025-11-13T17:22:15.339698,0,detect,person,0.717,"[0, 280, 290, 479]",0,,
2025-11-13T17:22:15.716695,0,detect,person,0.802,"[0, 280, 289, 479]",0,,
2025-11-13T17:22:15.978359,0,detect,person,0.736,"[0, 280, 292, 479]",0,,
2025-11-13T17:22:16.272357,0,detect,person,0.766,"[0, 263, 300, 479]",0,,
2025-11-13T17:22:16.589064,0,detect,person,0.851,"[4, 200, 358, 479]",0,,
2025-11-13T17:22:16.929704,0,detect,person,0.824,"[80, 180, 444, 479]",0,,
2025-11-13T17:22:17.308846,0,detect,person,0.878,"[116, 174, 487, 479]",0,,
2025-11-13T17:22:17.599998,0,detect,person,0.925,"[129, 157, 520, 479]",0,,
2025-11-13T17:22:17.864452,0,detect,person,0.913,"[126, 152, 528, 479]",0,,
2025-11-13T17:22:18.388520,0,detect,person,0.928,"[132, 154, 524, 479]",0,,
2025-11-13T17:22:18.653343,0,detect,person,0.901,"[131, 165, 525, 479]",0,,
2025-11-13T17:22:18.901184,0,detect,person,0.724,"[114, 167, 581, 479]",0,,
2025-11-13T17:22:19.068125,0,detect,person,0.589,"[128, 170, 457, 479]",0,,
2025-11-13T17:22:19.334144,0,detect,person,0.762,"[124, 175, 447, 479]",0,,
2025-11-13T17:22:19.342774,0,detect,cell phone,0.369,"[349, 158, 550, 465]",1,,
2025-11-13T17:22:19.532436,0,detect,person,0.73,"[118, 180, 432, 479]",0,,
2025-11-13T17:22:19.540665,0,detect,snowboard,0.627,"[322, 157, 526, 449]",1,,
2025-11-13T17:22:19.546684,0,detect,cell phone,0.446,"[322, 157, 527, 463]",2,,
2025-11-13T17:22:19.782377,0,detect,person,0.77,"[115, 179, 411, 479]",0,,
2025-11-13T17:22:19.788849,0,detect,snowboard,0.407,"[318, 157, 527, 474]",1,,
2025-11-13T17:22:20.126907,0,detect,person,0.506,"[116, 178, 427, 479]",0,,
2025-11-13T17:22:20.135311,0,detect,snowboard,0.352,"[320, 158, 530, 453]",1,,
2025-11-13T17:22:20.370962,0,detect,person,0.693,"[118, 178, 416, 479]",0,,
2025-11-13T17:22:20.375975,0,detect,snowboard,0.489,"[329, 164, 538, 460]",1,,
2025-11-13T17:22:20.383028,0,detect,skateboard,0.439,"[330, 164, 540, 460]",2,,
2025-11-13T17:22:20.570537,0,detect,person,0.757,"[118, 178, 407, 479]",0,,
2025-11-13T17:22:20.578252,0,detect,skateboard,0.468,"[330, 167, 542, 469]",1,,
2025-11-13T17:22:20.584791,0,detect,snowboard,0.44,"[330, 165, 541, 464]",2,,
2025-11-13T17:22:20.909865,0,detect,person,0.685,"[118, 178, 412, 479]",0,,
2025-11-13T17:22:20.917066,0,detect,skateboard,0.414,"[330, 167, 543, 465]",1,,
2025-11-13T17:22:21.448015,0,detect,person,0.558,"[119, 179, 436, 479]",0,,
2025-11-13T17:22:21.455609,0,detect,snowboard,0.371,"[331, 171, 543, 469]",1,,
2025-11-13T17:22:21.614288,0,detect,person,0.696,"[111, 176, 545, 479]",0,,
2025-11-13T17:22:21.873757,0,detect,person,0.623,"[119, 179, 410, 479]",0,,
2025-11-13T17:22:21.881767,0,detect,snowboard,0.374,"[330, 173, 545, 475]",1,,
2025-11-13T17:22:22.068637,0,detect,person,0.596,"[126, 178, 417, 479]",0,,
2025-11-13T17:22:22.255517,0,detect,person,0.525,"[127, 178, 431, 479]",0,,
2025-11-13T17:22:22.458890,0,detect,person,0.631,"[123, 173, 549, 479]",0,,
2025-11-13T17:22:22.466039,0,detect,skateboard,0.456,"[333, 177, 553, 478]",1,,
2025-11-13T17:22:22.742487,0,detect,person,0.526,"[134, 177, 420, 479]",0,,
2025-11-13T17:22:22.750916,0,detect,person,0.386,"[134, 175, 543, 479]",1,,
2025-11-13T17:22:22.922665,0,detect,person,0.643,"[134, 178, 413, 479]",0,,
2025-11-13T17:22:23.183601,0,detect,person,0.567,"[134, 179, 417, 479]",0,,
2025-11-13T17:22:23.189563,0,detect,person,0.434,"[134, 175, 540, 479]",1,,
2025-11-13T17:22:23.383880,0,detect,person,0.733,"[130, 180, 450, 479]",0,,
2025-11-13T17:22:23.676360,0,detect,person,0.775,"[129, 181, 450, 479]",0,,
2025-11-13T17:22:23.941013,0,detect,person,0.782,"[127, 182, 472, 479]",0,,
2025-11-13T17:22:24.254606,0,detect,person,0.765,"[122, 185, 480, 479]",0,,
2025-11-13T17:22:24.621646,0,detect,person,0.805,"[117, 186, 476, 479]",0,,
2025-11-13T17:22:24.633480,0,detect,snowboard,0.534,"[365, 159, 584, 475]",1,,
2025-11-13T17:22:24.841516,0,detect,cell phone,0.783,"[318, 160, 534, 446]",0,,
2025-11-13T17:22:24.848156,0,detect,person,0.598,"[104, 184, 548, 479]",1,,
2025-11-13T17:22:25.062934,0,detect,person,0.786,"[111, 185, 393, 479]",0,,
2025-11-13T17:22:25.326757,0,detect,person,0.716,"[112, 184, 387, 479]",0,,
2025-11-13T17:22:25.606467,0,detect,person,0.802,"[112, 183, 406, 479]",0,,
2025-11-13T17:22:25.612681,0,detect,cell phone,0.526,"[305, 161, 516, 466]",1,,
2025-11-13T17:22:25.776858,0,detect,person,0.73,"[105, 181, 525, 479]",0,,
2025-11-13T17:22:25.783784,0,detect,cell phone,0.649,"[309, 164, 520, 471]",1,,
2025-11-13T17:22:26.021228,0,detect,person,0.682,"[98, 180, 533, 479]",0,,
2025-11-13T17:22:26.027051,0,detect,cell phone,0.546,"[311, 164, 523, 471]",1,,
2025-11-13T17:22:26.355129,0,detect,person,0.68,"[101, 182, 522, 479]",0,,
2025-11-13T17:22:26.362309,0,detect,snowboard,0.424,"[312, 164, 526, 471]",1,,
2025-11-13T17:22:26.620768,0,detect,person,0.678,"[103, 179, 523, 479]",0,,
2025-11-13T17:22:26.627925,0,detect,cell phone,0.45,"[314, 168, 528, 479]",1,,
2025-11-13T17:22:26.836245,0,detect,snowboard,0.751,"[320, 167, 534, 479]",0,,
2025-11-13T17:22:26.842381,0,detect,person,0.562,"[104, 177, 532, 479]",1,,
2025-11-13T17:22:27.085262,0,detect,person,0.657,"[111, 177, 540, 479]",0,,
2025-11-13T17:22:27.399468,0,detect,snowboard,0.684,"[332, 172, 545, 479]",0,,
2025-11-13T17:22:27.407229,0,detect,person,0.554,"[112, 178, 540, 479]",1,,
2025-11-13T17:22:27.413197,0,detect,bird,0.396,"[475, 263, 545, 409]",2,,
2025-11-13T17:22:27.794432,0,detect,person,0.558,"[109, 174, 551, 479]",0,,
2025-11-13T17:22:27.803497,0,detect,snowboard,0.49,"[337, 173, 550, 478]",1,,
2025-11-13T17:22:27.953522,0,detect,snowboard,0.695,"[350, 179, 565, 479]",0,,
2025-11-13T17:22:27.958524,0,detect,person,0.468,"[115, 178, 416, 479]",1,,
2025-11-13T17:22:28.117845,0,detect,person,0.593,"[114, 178, 437, 479]",0,,
2025-11-13T17:22:28.123880,0,detect,snowboard,0.506,"[353, 180, 567, 479]",1,,
2025-11-13T17:22:28.133790,0,detect,skateboard,0.481,"[352, 180, 568, 480]",2,,
2025-11-13T17:22:28.279853,0,detect,person,0.685,"[109, 178, 575, 479]",0,,
2025-11-13T17:22:28.285160,0,detect,snowboard,0.643,"[357, 184, 572, 479]",1,,
2025-11-13T17:22:28.512766,0,detect,snowboard,0.77,"[359, 185, 574, 479]",0,,
2025-11-13T17:22:28.520145,0,detect,person,0.635,"[110, 175, 572, 479]",1,,
2025-11-13T17:22:28.653523,0,detect,person,0.71,"[115, 176, 434, 479]",0,,
2025-11-13T17:22:28.658473,0,detect,skateboard,0.706,"[357, 185, 572, 480]",1,,
2025-11-13T17:22:28.663097,0,detect,snowboard,0.619,"[357, 185, 571, 478]",2,,
2025-11-13T17:22:28.808763,0,detect,snowboard,0.822,"[355, 184, 571, 479]",0,,
2025-11-13T17:22:28.814281,0,detect,person,0.719,"[115, 176, 435, 479]",1,,
2025-11-13T17:22:28.960777,0,detect,person,0.68,"[116, 177, 434, 479]",0,,
2025-11-13T17:22:28.965790,0,detect,skateboard,0.617,"[356, 186, 571, 479]",1,,
2025-11-13T17:22:28.970797,0,detect,snowboard,0.516,"[356, 185, 571, 479]",2,,
2025-11-13T17:22:28.976649,0,detect,person,0.357,"[111, 174, 574, 479]",3,,
2025-11-13T17:22:29.178514,0,detect,snowboard,0.805,"[356, 186, 572, 479]",0,,
2025-11-13T17:22:29.187340,0,detect,person,0.674,"[116, 177, 432, 479]",1,,
2025-11-13T17:22:29.320826,0,detect,person,0.741,"[103, 174, 575, 479]",0,,
2025-11-13T17:22:29.461269,0,detect,person,0.682,"[116, 176, 428, 479]",0,,
2025-11-13T17:22:29.468252,0,detect,snowboard,0.543,"[356, 188, 571, 478]",1,,
2025-11-13T17:22:29.474656,0,detect,person,0.365,"[99, 176, 576, 479]",2,,
2025-11-13T17:22:29.606945,0,detect,snowboard,0.5,"[355, 188, 570, 478]",0,,
2025-11-13T17:22:29.612950,0,detect,person,0.377,"[116, 175, 421, 479]",1,,
2025-11-13T17:22:29.779428,0,detect,person,0.692,"[117, 175, 426, 479]",0,,
2025-11-13T17:22:29.787500,0,detect,snowboard,0.537,"[355, 189, 571, 479]",1,,
2025-11-13T17:22:29.915513,0,detect,teddy bear,0.452,"[363, 188, 578, 479]",0,,
2025-11-13T17:22:29.920023,0,detect,person,0.436,"[112, 173, 579, 479]",1,,
2025-11-13T17:22:29.926950,0,detect,person,0.356,"[115, 175, 437, 479]",2,,
2025-11-13T17:22:30.034630,0,detect,person,0.739,"[117, 174, 441, 479]",0,,
2025-11-13T17:22:30.041437,0,detect,snowboard,0.488,"[367, 190, 587, 479]",1,,
2025-11-13T17:22:30.205018,0,detect,person,0.695,"[115, 177, 447, 479]",0,,
2025-11-13T17:22:30.211785,0,detect,snowboard,0.563,"[372, 190, 591, 480]",1,,
2025-11-13T17:22:30.328374,0,detect,person,0.748,"[115, 174, 451, 479]",0,,
2025-11-13T17:22:30.492897,0,detect,person,0.72,"[115, 174, 438, 479]",0,,
2025-11-13T17:22:30.498205,0,detect,snowboard,0.436,"[378, 190, 596, 479]",1,,
2025-11-13T17:22:30.604577,0,detect,person,0.734,"[116, 175, 446, 479]",0,,
2025-11-13T17:22:30.610479,0,detect,person,0.476,"[379, 191, 596, 479]",1,,
2025-11-13T17:22:30.854684,0,detect,person,0.619,"[117, 177, 448, 479]",0,,
2025-11-13T17:22:30.860302,0,detect,person,0.545,"[377, 192, 593, 479]",1,,
2025-11-13T17:22:30.979750,0,detect,snowboard,0.544,"[377, 192, 597, 479]",0,,
2025-11-13T17:22:30.985756,0,detect,person,0.461,"[116, 176, 448, 479]",1,,
2025-11-13T17:22:30.991443,0,detect,person,0.425,"[104, 174, 611, 479]",2,,
2025-11-13T17:22:31.095735,0,detect,person,0.478,"[378, 196, 597, 479]",0,,
2025-11-13T17:22:31.100757,0,detect,person,0.442,"[116, 175, 438, 479]",1,,
2025-11-13T17:22:31.229994,0,detect,person,0.529,"[114, 175, 553, 479]",0,,
2025-11-13T17:22:31.236778,0,detect,person,0.441,"[379, 196, 600, 479]",1,,
2025-11-13T17:22:31.243980,0,detect,snowboard,0.427,"[379, 196, 600, 480]",2,,
2025-11-13T17:22:31.392399,0,detect,person,0.679,"[116, 176, 452, 479]",0,,
2025-11-13T17:22:31.397408,0,detect,snowboard,0.644,"[384, 194, 602, 480]",1,,
2025-11-13T17:22:31.403284,0,detect,dog,0.431,"[386, 194, 605, 479]",2,,
2025-11-13T17:22:31.407834,0,detect,person,0.378,"[384, 194, 604, 479]",3,,
2025-11-13T17:22:31.556980,0,detect,person,0.511,"[117, 177, 447, 479]",0,,
2025-11-13T17:22:31.564076,0,detect,person,0.474,"[381, 195, 602, 479]",1,,
2025-11-13T17:22:31.689858,0,detect,dog,0.563,"[381, 196, 603, 479]",0,,
2025-11-13T17:22:31.694447,0,detect,person,0.549,"[117, 179, 451, 479]",1,,
2025-11-13T17:22:31.700477,0,detect,person,0.391,"[111, 177, 620, 479]",2,,
2025-11-13T17:22:31.704698,0,detect,snowboard,0.356,"[380, 195, 602, 479]",3,,
2025-11-13T17:22:31.818285,0,detect,person,0.595,"[116, 178, 447, 479]",0,,
2025-11-13T17:22:31.823751,0,detect,snowboard,0.569,"[380, 196, 601, 480]",1,,
2025-11-13T17:22:31.989644,0,detect,person,0.653,"[118, 178, 454, 479]",0,,
2025-11-13T17:22:31.995719,0,detect,snowboard,0.472,"[380, 195, 602, 479]",1,,
2025-11-13T17:22:32.000638,0,detect,person,0.355,"[110, 176, 612, 479]",2,,
2025-11-13T17:22:32.212223,0,detect,person,0.582,"[114, 176, 560, 479]",0,,
2025-11-13T17:22:32.217865,0,detect,snowboard,0.51,"[378, 196, 600, 479]",1,,
2025-11-13T17:22:32.448793,0,detect,snowboard,0.623,"[379, 197, 602, 479]",0,,
2025-11-13T17:22:32.453814,0,detect,person,0.582,"[117, 177, 452, 479]",1,,
2025-11-13T17:22:32.595925,0,detect,person,0.534,"[115, 175, 600, 479]",0,,
2025-11-13T17:22:32.604143,0,detect,person,0.415,"[118, 177, 447, 479]",1,,
2025-11-13T17:22:32.608780,0,detect,snowboard,0.39,"[377, 197, 599, 479]",2,,
2025-11-13T17:22:32.762474,0,detect,person,0.588,"[117, 179, 444, 479]",0,,
2025-11-13T17:22:32.766980,0,detect,person,0.522,"[112, 177, 586, 479]",1,,
2025-11-13T17:22:32.772664,0,detect,snowboard,0.461,"[374, 200, 597, 479]",2,,
2025-11-13T17:22:32.980706,0,detect,person,0.605,"[115, 178, 449, 479]",0,,
2025-11-13T17:22:32.985106,0,detect,person,0.502,"[112, 176, 590, 479]",1,,
2025-11-13T17:22:33.128722,0,detect,person,0.703,"[116, 177, 446, 479]",0,,
2025-11-13T17:22:33.304538,0,detect,person,0.599,"[116, 177, 443, 479]",0,,
2025-11-13T17:22:33.313006,0,detect,person,0.499,"[114, 176, 592, 479]",1,,
2025-11-13T17:22:33.603042,0,detect,person,0.78,"[116, 175, 439, 479]",0,,
2025-11-13T17:22:33.609958,0,detect,snowboard,0.516,"[372, 204, 594, 479]",1,,
2025-11-13T17:22:33.988728,0,detect,person,0.813,"[116, 178, 440, 479]",0,,
2025-11-13T17:22:34.203833,0,detect,snowboard,0.792,"[369, 208, 592, 479]",0,,
2025-11-13T17:22:34.210890,0,detect,person,0.735,"[116, 177, 439, 479]",1,,
2025-11-13T17:22:34.473676,0,detect,snowboard,0.793,"[367, 211, 593, 479]",0,,
2025-11-13T17:22:34.478089,0,detect,person,0.736,"[116, 177, 442, 479]",1,,
2025-11-13T17:22:34.676511,0,detect,person,0.732,"[116, 177, 441, 479]",0,,
2025-11-13T17:22:34.682741,0,detect,snowboard,0.495,"[373, 209, 588, 479]",1,,
2025-11-13T17:22:34.826486,0,detect,person,0.768,"[117, 177, 446, 479]",0,,
2025-11-13T17:22:34.835700,0,detect,cell phone,0.564,"[375, 206, 589, 478]",1,,
2025-11-13T17:22:34.840649,0,detect,skateboard,0.388,"[374, 205, 592, 479]",2,,
2025-11-13T17:22:35.159745,0,detect,person,0.653,"[116, 176, 453, 479]",0,,
2025-11-13T17:22:35.167251,0,detect,cell phone,0.639,"[375, 206, 571, 478]",1,,
2025-11-13T17:22:35.173183,0,detect,person,0.431,"[532, 312, 596, 478]",2,,
2025-11-13T17:22:35.362058,0,detect,person,0.824,"[116, 178, 446, 479]",0,,
2025-11-13T17:22:35.368627,0,detect,cell phone,0.521,"[372, 206, 577, 479]",1,,
2025-11-13T17:22:35.374747,0,detect,skateboard,0.421,"[373, 206, 589, 479]",2,,
2025-11-13T17:22:35.539670,0,detect,person,0.855,"[116, 178, 442, 479]",0,,
2025-11-13T17:22:35.545702,0,detect,skateboard,0.551,"[372, 208, 585, 479]",1,,
2025-11-13T17:22:35.550862,0,detect,cell phone,0.39,"[372, 207, 580, 478]",2,,
2025-11-13T17:22:35.790923,0,detect,person,0.777,"[116, 177, 446, 479]",0,,
2025-11-13T17:22:35.795613,0,detect,cell phone,0.77,"[372, 206, 558, 478]",1,,
2025-11-13T17:22:36.081572,0,detect,person,0.723,"[116, 178, 446, 479]",0,,
2025-11-13T17:22:36.296020,0,detect,person,0.569,"[117, 177, 440, 479]",0,,
2025-11-13T17:22:36.301241,0,detect,skateboard,0.544,"[371, 206, 589, 479]",1,,
2025-11-13T17:22:36.511673,0,detect,person,0.816,"[117, 178, 442, 479]",0,,
2025-11-13T17:22:36.518630,0,detect,cell phone,0.535,"[368, 208, 581, 478]",1,,
2025-11-13T17:22:36.523177,0,detect,skateboard,0.384,"[369, 207, 586, 479]",2,,
2025-11-13T17:22:36.732090,0,detect,person,0.772,"[116, 177, 436, 479]",0,,
2025-11-13T17:22:36.738071,0,detect,cell phone,0.429,"[368, 208, 580, 478]",1,,
2025-11-13T17:22:36.743556,0,detect,skateboard,0.387,"[368, 209, 587, 479]",2,,
2025-11-13T17:22:37.038322,0,detect,person,0.749,"[117, 178, 443, 479]",0,,
2025-11-13T17:22:37.049824,0,detect,cell phone,0.601,"[366, 209, 566, 478]",1,,
2025-11-13T17:22:37.059509,0,detect,person,0.369,"[520, 318, 588, 479]",2,,
2025-11-13T17:22:37.375908,0,detect,person,0.896,"[117, 177, 435, 479]",0,,
2025-11-13T17:22:37.385215,0,detect,cell phone,0.589,"[365, 210, 567, 479]",1,,
2025-11-13T17:22:37.390298,0,detect,skateboard,0.554,"[366, 211, 578, 479]",2,,
2025-11-13T17:22:37.545070,0,detect,person,0.695,"[116, 177, 445, 479]",0,,
2025-11-13T17:22:37.551458,0,detect,cell phone,0.487,"[366, 210, 541, 469]",1,,
2025-11-13T17:22:37.833511,0,detect,person,0.694,"[115, 177, 449, 479]",0,,
2025-11-13T17:22:37.839765,0,detect,cell phone,0.581,"[366, 213, 566, 477]",1,,
2025-11-13T17:22:38.066788,0,detect,cell phone,0.646,"[383, 226, 603, 479]",0,,
2025-11-13T17:22:38.072661,0,detect,person,0.561,"[112, 175, 521, 479]",1,,
2025-11-13T17:22:38.327250,0,detect,person,0.896,"[116, 174, 497, 479]",0,,
2025-11-13T17:22:38.510936,0,detect,person,0.916,"[121, 172, 511, 479]",0,,
2025-11-13T17:22:38.653705,0,detect,person,0.896,"[129, 170, 519, 479]",0,,
2025-11-13T17:22:38.838107,0,detect,person,0.887,"[129, 166, 526, 479]",0,,
2025-11-13T17:22:39.108371,0,detect,person,0.912,"[127, 155, 538, 479]",0,,
2025-11-13T17:22:39.324693,0,detect,person,0.91,"[126, 155, 544, 479]",0,,
2025-11-13T17:22:39.473595,0,detect,person,0.905,"[126, 146, 542, 479]",0,,
2025-11-13T17:22:39.750392,0,detect,person,0.92,"[125, 145, 542, 479]",0,,
2025-11-13T17:22:39.913244,0,detect,person,0.912,"[124, 146, 548, 479]",0,,
2025-11-13T17:22:40.217929,0,detect,person,0.904,"[124, 146, 554, 479]",0,,
2025-11-13T17:22:40.424570,0,detect,person,0.896,"[120, 148, 548, 479]",0,,
2025-11-13T17:22:40.666841,0,detect,person,0.909,"[120, 150, 551, 479]",0,,
2025-11-13T17:22:40.837015,0,detect,person,0.876,"[121, 152, 551, 479]",0,,
2025-11-13T17:22:41.047294,0,detect,person,0.895,"[119, 154, 547, 479]",0,,
2025-11-13T17:22:41.252011,0,detect,person,0.898,"[122, 155, 541, 479]",0,,
2025-11-13T17:22:41.429755,0,detect,person,0.904,"[123, 154, 540, 479]",0,,
2025-11-13T17:22:41.591494,0,detect,person,0.902,"[121, 152, 535, 479]",0,,
2025-11-13T17:22:41.839896,0,detect,person,0.886,"[122, 152, 534, 479]",0,,
2025-11-13T17:22:42.052262,0,detect,person,0.911,"[126, 153, 522, 479]",0,,
2025-11-13T17:22:42.346528,0,detect,person,0.891,"[118, 155, 523, 479]",0,,
2025-11-13T17:22:42.556694,0,detect,person,0.885,"[90, 156, 508, 479]",0,,
2025-11-13T17:22:42.825549,0,detect,person,0.863,"[74, 158, 501, 479]",0,,
2025-11-13T17:22:43.046282,0,detect,person,0.892,"[83, 160, 483, 479]",0,,
2025-11-13T17:22:43.317106,0,detect,person,0.859,"[102, 164, 484, 479]",0,,
2025-11-13T17:22:43.485594,0,detect,person,0.888,"[111, 164, 507, 479]",0,,
2025-11-13T17:22:43.633889,0,detect,person,0.895,"[121, 160, 514, 479]",0,,
2025-11-13T17:22:43.761464,0,detect,person,0.919,"[126, 158, 520, 479]",0,,
2025-11-13T17:22:43.934822,0,detect,person,0.929,"[124, 157, 523, 479]",0,,
2025-11-13T17:22:44.061827,0,detect,person,0.925,"[125, 156, 527, 479]",0,,
2025-11-13T17:22:44.283935,0,detect,person,0.927,"[126, 156, 529, 479]",0,,
2025-11-13T17:22:44.582185,0,detect,person,0.928,"[128, 157, 528, 479]",0,,
2025-11-13T17:22:44.704596,0,detect,person,0.911,"[126, 159, 528, 479]",0,,
2025-11-13T17:22:44.931209,0,detect,person,0.929,"[128, 158, 528, 479]",0,,
2025-11-13T17:22:45.257275,0,detect,person,0.929,"[128, 157, 527, 479]",0,,
2025-11-13T17:22:45.487132,0,detect,person,0.928,"[129, 157, 524, 479]",0,,
2025-11-13T17:22:45.744781,0,detect,person,0.93,"[129, 156, 524, 479]",0,,
2025-11-13T17:22:46.004279,0,detect,person,0.894,"[128, 156, 523, 479]",0,,
2025-11-13T17:22:46.420387,0,detect,person,0.909,"[129, 156, 522, 479]",0,,
2025-11-13T17:22:46.753000,0,detect,person,0.931,"[129, 155, 523, 479]",0,,
2025-11-13T17:22:47.044175,0,detect,person,0.913,"[129, 156, 523, 479]",0,,
2025-11-13T17:22:47.322355,0,detect,person,0.934,"[129, 157, 523, 479]",0,,
2025-11-13T17:22:47.615918,0,detect,person,0.898,"[128, 157, 523, 479]",0,,
2025-11-13T17:22:47.751943,0,detect,person,0.917,"[129, 157, 524, 479]",0,,
2025-11-13T17:22:48.021681,0,detect,person,0.93,"[129, 159, 521, 479]",0,,
2025-11-13T17:22:48.300392,0,detect,person,0.893,"[127, 162, 519, 479]",0,,
2025-11-13T17:22:48.558785,0,detect,person,0.898,"[124, 161, 518, 479]",0,,
2025-11-13T17:22:48.801584,0,detect,person,0.927,"[127, 162, 515, 479]",0,,
2025-11-13T17:22:48.946104,0,detect,person,0.93,"[125, 162, 514, 479]",0,,
2025-11-13T17:22:49.122815,0,detect,person,0.916,"[127, 162, 514, 479]",0,,
2025-11-13T17:22:49.251947,0,detect,person,0.928,"[128, 163, 515, 479]",0,,
2025-11-13T17:22:49.549570,0,detect,person,0.933,"[129, 162, 513, 479]",0,,
2025-11-13T17:22:49.670094,0,detect,person,0.92,"[129, 162, 512, 479]",0,,
2025-11-13T17:22:49.819442,0,detect,person,0.912,"[130, 162, 509, 479]",0,,
2025-11-13T17:22:50.009456,0,detect,person,0.923,"[129, 162, 511, 479]",0,,
2025-11-13T17:22:50.147094,0,detect,person,0.932,"[130, 160, 507, 479]",0,,
2025-11-13T17:22:50.282363,0,detect,person,0.921,"[129, 160, 508, 479]",0,,
2025-11-13T17:22:50.459582,0,detect,person,0.928,"[128, 160, 510, 479]",0,,
2025-11-13T17:22:50.614131,0,detect,person,0.926,"[129, 160, 508, 479]",0,,
2025-11-13T17:22:50.731861,0,detect,person,0.903,"[129, 160, 506, 479]",0,,
2025-11-13T17:22:50.853504,0,detect,person,0.909,"[126, 159, 511, 479]",0,,
2025-11-13T17:22:50.972203,0,detect,person,0.939,"[127, 158, 510, 479]",0,,
2025-11-13T17:22:51.245693,0,detect,person,0.924,"[127, 158, 510, 479]",0,,
2025-11-13T17:22:51.415913,0,detect,person,0.901,"[125, 158, 515, 479]",0,,
2025-11-13T17:22:51.539644,0,detect,person,0.901,"[126, 156, 522, 479]",0,,
2025-11-13T17:22:51.729007,0,detect,person,0.917,"[126, 154, 522, 479]",0,,
2025-11-13T17:22:51.914809,0,detect,person,0.901,"[124, 155, 519, 479]",0,,
2025-11-13T17:22:52.067497,0,detect,person,0.904,"[126, 156, 522, 479]",0,,
2025-11-13T17:22:52.229671,0,detect,person,0.913,"[128, 154, 521, 479]",0,,
2025-11-13T17:22:52.358458,0,detect,person,0.938,"[127, 155, 522, 479]",0,,
2025-11-13T17:22:52.734812,0,detect,person,0.906,"[129, 156, 521, 479]",0,,
2025-11-13T17:22:52.924177,0,detect,person,0.876,"[127, 156, 520, 479]",0,,
2025-11-13T17:22:53.080078,0,detect,person,0.895,"[126, 156, 520, 479]",0,,
2025-11-13T17:22:53.272391,0,detect,person,0.88,"[128, 156, 520, 479]",0,,
2025-11-13T17:22:53.414070,0,detect,person,0.926,"[128, 154, 521, 479]",0,,
2025-11-13T17:22:53.572594,0,detect,person,0.914,"[127, 156, 521, 479]",0,,
2025-11-13T17:22:53.722980,0,detect,person,0.916,"[129, 155, 520, 479]",0,,
2025-11-13T17:22:53.866232,0,detect,person,0.913,"[128, 156, 521, 479]",0,,
2025-11-13T17:22:54.156061,0,detect,person,0.908,"[129, 156, 521, 479]",0,,
2025-11-13T17:22:54.370727,0,detect,person,0.917,"[129, 156, 520, 479]",0,,
2025-11-13T17:22:54.554900,0,detect,person,0.934,"[129, 154, 521, 479]",0,,
2025-11-13T17:22:54.738081,0,detect,person,0.926,"[129, 156, 520, 479]",0,,
2025-11-13T17:22:54.921120,0,detect,person,0.93,"[128, 156, 520, 479]",0,,
2025-11-13T17:22:55.039444,0,detect,person,0.928,"[130, 157, 520, 479]",0,,
2025-11-13T17:22:55.197005,0,detect,person,0.934,"[129, 157, 521, 479]",0,,
2025-11-13T17:22:55.443685,0,detect,person,0.91,"[128, 157, 521, 479]",0,,
2025-11-13T17:22:55.812211,0,detect,person,0.891,"[128, 159, 521, 479]",0,,
2025-11-13T17:22:55.941827,0,detect,person,0.92,"[129, 157, 522, 479]",0,,
2025-11-13T17:22:56.058403,0,detect,person,0.915,"[129, 157, 521, 479]",0,,
2025-11-13T17:22:56.180752,0,detect,person,0.918,"[130, 156, 522, 479]",0,,
2025-11-13T17:22:56.312667,0,detect,person,0.898,"[128, 155, 523, 479]",0,,
2025-11-13T17:22:56.420940,0,detect,person,0.913,"[128, 157, 525, 479]",0,,
2025-11-13T17:22:56.584270,0,detect,person,0.93,"[129, 156, 523, 479]",0,,
2025-11-13T17:22:56.722187,0,detect,person,0.909,"[130, 156, 522, 479]",0,,
2025-11-13T17:22:56.856037,0,detect,person,0.926,"[130, 157, 522, 479]",0,,
2025-11-13T17:22:57.039295,0,detect,person,0.922,"[129, 156, 521, 479]",0,,
2025-11-13T17:22:57.141770,0,detect,person,0.927,"[128, 155, 519, 479]",0,,
2025-11-13T17:22:57.283657,0,detect,person,0.913,"[129, 156, 520, 479]",0,,
2025-11-13T17:22:57.388628,0,detect,person,0.928,"[128, 155, 520, 479]",0,,
2025-11-13T17:22:57.630689,0,detect,person,0.909,"[128, 156, 519, 479]",0,,
2025-11-13T17:22:57.810666,0,detect,person,0.932,"[128, 156, 519, 479]",0,,
2025-11-13T17:22:57.967003,0,detect,person,0.915,"[128, 156, 519, 479]",0,,
2025-11-13T17:22:58.146970,0,detect,person,0.92,"[129, 155, 519, 479]",0,,
2025-11-13T17:22:58.263524,0,detect,person,0.914,"[129, 157, 518, 479]",0,,
2025-11-13T17:22:58.385911,0,detect,person,0.884,"[128, 157, 521, 479]",0,,
2025-11-13T17:22:58.522483,0,detect,person,0.903,"[129, 155, 520, 479]",0,,
2025-11-13T17:22:58.635607,0,detect,person,0.883,"[128, 157, 519, 479]",0,,
2025-11-13T17:22:58.879974,0,detect,person,0.906,"[129, 155, 521, 479]",0,,
2025-11-13T17:22:59.047589,0,detect,person,0.915,"[129, 155, 521, 479]",0,,
2025-11-13T17:22:59.159529,0,detect,person,0.921,"[128, 156, 520, 479]",0,,
2025-11-13T17:22:59.252592,0,detect,person,0.896,"[129, 156, 520, 479]",0,,
2025-11-13T17:22:59.344682,0,detect,person,0.907,"[129, 155, 519, 479]",0,,
2025-11-13T17:22:59.443467,0,detect,person,0.911,"[129, 156, 520, 479]",0,,
2025-11-13T17:22:59.661491,0,detect,person,0.921,"[129, 155, 520, 479]",0,,
2025-11-13T17:22:59.790591,0,detect,person,0.912,"[128, 155, 519, 479]",0,,
2025-11-13T17:22:59.894386,0,detect,person,0.919,"[129, 156, 519, 479]",0,,
2025-11-13T17:22:59.992170,0,detect,person,0.921,"[128, 155, 519, 479]",0,,
2025-11-13T17:23:00.108299,0,detect,person,0.923,"[128, 156, 519, 479]",0,,
2025-11-13T17:23:00.239293,0,detect,person,0.923,"[128, 157, 519, 479]",0,,
2025-11-13T17:23:00.334549,0,detect,person,0.922,"[129, 156, 519, 479]",0,,
2025-11-13T17:23:00.456182,0,detect,person,0.911,"[128, 156, 520, 479]",0,,
2025-11-13T17:23:00.567640,0,detect,person,0.918,"[128, 154, 520, 479]",0,,
2025-11-13T17:23:00.666246,0,detect,person,0.926,"[126, 154, 522, 479]",0,,
2025-11-13T17:23:00.777798,0,detect,person,0.919,"[126, 153, 523, 479]",0,,
2025-11-13T17:23:00.867587,0,detect,person,0.92,"[124, 152, 527, 479]",0,,
2025-11-13T17:23:01.053334,0,detect,person,0.914,"[122, 151, 524, 479]",0,,
2025-11-13T17:23:01.153193,0,detect,person,0.913,"[125, 151, 522, 479]",0,,
2025-11-13T17:23:01.256654,0,detect,person,0.926,"[127, 152, 521, 479]",0,,
2025-11-13T17:23:01.384995,0,detect,person,0.928,"[128, 151, 521, 479]",0,,
2025-11-13T17:23:01.499274,0,detect,person,0.887,"[130, 154, 518, 479]",0,,
2025-11-13T17:23:01.615619,0,detect,person,0.927,"[130, 153, 521, 479]",0,,
2025-11-13T17:23:01.715660,0,detect,person,0.91,"[132, 153, 520, 479]",0,,
2025-11-13T17:23:01.977300,0,detect,person,0.907,"[132, 155, 517, 479]",0,,
2025-11-13T17:23:02.079796,0,detect,person,0.929,"[135, 155, 518, 479]",0,,
2025-11-13T17:23:02.192562,0,detect,person,0.911,"[134, 155, 520, 479]",0,,
2025-11-13T17:23:02.353479,0,detect,person,0.911,"[135, 155, 519, 479]",0,,
2025-11-13T17:23:02.475005,0,detect,person,0.904,"[134, 155, 521, 479]",0,,
2025-11-13T17:23:02.599970,0,detect,person,0.899,"[134, 156, 519, 479]",0,,
2025-11-13T17:23:02.723748,0,detect,person,0.926,"[135, 156, 517, 479]",0,,
2025-11-13T17:23:02.882215,0,detect,person,0.901,"[135, 157, 517, 479]",0,,
2025-11-13T17:23:03.086918,0,detect,person,0.906,"[132, 159, 517, 479]",0,,
2025-11-13T17:23:03.207149,0,detect,person,0.896,"[121, 163, 512, 479]",0,,
2025-11-13T17:23:03.386501,0,detect,person,0.898,"[112, 163, 510, 479]",0,,
2025-11-13T17:23:03.492029,0,detect,person,0.91,"[110, 163, 514, 479]",0,,
2025-11-13T17:23:03.719737,0,detect,person,0.91,"[109, 165, 512, 479]",0,,
2025-11-13T17:23:03.832924,0,detect,person,0.915,"[114, 165, 507, 479]",0,,
2025-11-13T17:23:03.990157,0,detect,person,0.912,"[113, 166, 507, 479]",0,,
2025-11-13T17:23:04.107386,0,detect,person,0.908,"[106, 163, 510, 479]",0,,
2025-11-13T17:23:04.253257,0,detect,person,0.905,"[109, 161, 514, 479]",0,,
2025-11-13T17:23:04.431680,0,detect,person,0.909,"[112, 158, 517, 479]",0,,
2025-11-13T17:23:04.554351,0,detect,person,0.908,"[114, 157, 521, 479]",0,,
2025-11-13T17:23:04.718206,0,detect,person,0.913,"[115, 155, 520, 479]",0,,
2025-11-13T17:23:05.141742,0,detect,person,0.893,"[113, 154, 521, 479]",0,,
2025-11-13T17:23:05.371519,0,detect,person,0.908,"[113, 152, 524, 479]",0,,
2025-11-13T17:23:05.531734,0,detect,person,0.891,"[118, 150, 521, 479]",0,,
2025-11-13T17:23:05.707636,0,detect,person,0.918,"[119, 151, 519, 479]",0,,
2025-11-13T17:23:05.899443,0,detect,person,0.902,"[118, 150, 520, 479]",0,,
2025-11-13T17:23:06.074827,0,detect,person,0.912,"[118, 149, 519, 479]",0,,
2025-11-13T17:23:06.310278,0,detect,person,0.92,"[120, 150, 519, 479]",0,,
2025-11-13T17:23:06.559359,0,detect,person,0.916,"[120, 149, 519, 479]",0,,
2025-11-13T17:23:06.729919,0,detect,person,0.911,"[119, 149, 517, 479]",0,,
2025-11-13T17:23:06.897682,0,detect,person,0.897,"[122, 152, 517, 479]",0,,
2025-11-13T17:23:07.096037,0,detect,person,0.915,"[119, 151, 517, 479]",0,,
2025-11-13T17:23:07.353700,0,detect,person,0.918,"[122, 151, 518, 479]",0,,
2025-11-13T17:23:07.503822,0,detect,person,0.928,"[120, 150, 517, 479]",0,,
2025-11-13T17:23:07.665624,0,detect,person,0.915,"[120, 152, 515, 479]",0,,
2025-11-13T17:23:07.898026,0,detect,person,0.919,"[121, 151, 520, 479]",0,,
2025-11-13T17:23:08.245518,0,detect,person,0.895,"[124, 153, 530, 479]",0,,
2025-11-13T17:23:08.418515,0,detect,person,0.907,"[125, 159, 524, 479]",0,,
2025-11-13T17:23:08.652098,0,detect,person,0.901,"[126, 164, 521, 479]",0,,
2025-11-13T17:23:08.861506,0,detect,person,0.888,"[126, 167, 517, 479]",0,,
2025-11-13T17:23:09.079386,0,detect,person,0.866,"[118, 171, 511, 479]",0,,
2025-11-13T17:23:09.339584,0,detect,person,0.517,"[93, 167, 436, 479]",0,,
2025-11-13T17:23:09.477531,0,detect,person,0.847,"[49, 159, 385, 480]",0,,
2025-11-13T17:23:09.636015,0,detect,person,0.631,"[21, 156, 378, 479]",0,,
2025-11-13T17:23:09.762109,0,detect,person,0.757,"[48, 159, 385, 479]",0,,
2025-11-13T17:23:09.891601,0,detect,person,0.629,"[71, 165, 410, 479]",0,,
2025-11-13T17:23:09.896437,0,detect,person,0.459,"[71, 165, 272, 479]",1,,
2025-11-13T17:23:10.137856,0,detect,person,0.446,"[84, 167, 449, 479]",0,,
2025-11-13T17:23:10.142045,0,detect,person,0.362,"[84, 166, 298, 479]",1,,
2025-11-13T17:23:10.329616,0,detect,person,0.853,"[106, 171, 507, 479]",0,,
2025-11-13T17:23:10.481621,0,detect,person,0.732,"[118, 173, 441, 479]",0,,
2025-11-13T17:23:10.705506,0,detect,person,0.792,"[112, 173, 577, 479]",0,,
2025-11-13T17:23:10.833534,0,detect,person,0.821,"[124, 172, 616, 479]",0,,
2025-11-13T17:23:11.077644,0,detect,person,0.824,"[113, 171, 628, 479]",0,,
2025-11-13T17:23:11.431299,0,detect,person,0.852,"[112, 170, 609, 479]",0,,
2025-11-13T17:23:11.602600,0,detect,person,0.821,"[120, 172, 621, 479]",0,,
2025-11-13T17:23:11.610438,0,detect,cell phone,0.527,"[416, 251, 506, 399]",1,,
2025-11-13T17:23:11.772164,0,detect,person,0.866,"[127, 172, 619, 479]",0,,
2025-11-13T17:23:11.778161,0,detect,cell phone,0.705,"[419, 255, 507, 400]",1,,
2025-11-13T17:23:12.007332,0,detect,person,0.9,"[127, 172, 614, 479]",0,,
2025-11-13T17:23:12.011566,0,detect,cell phone,0.372,"[418, 256, 507, 403]",1,,
2025-11-13T17:23:12.330416,0,detect,person,0.848,"[113, 170, 620, 479]",0,,
2025-11-13T17:23:12.562439,0,detect,person,0.834,"[120, 169, 610, 479]",0,,
2025-11-13T17:23:12.820375,0,detect,person,0.824,"[116, 169, 616, 479]",0,,
2025-11-13T17:23:13.074286,0,detect,person,0.846,"[122, 164, 623, 479]",0,,
2025-11-13T17:23:13.294819,0,detect,person,0.807,"[118, 153, 631, 479]",0,,
2025-11-13T17:23:13.412057,0,detect,person,0.696,"[126, 145, 517, 479]",0,,
2025-11-13T17:23:13.666040,0,detect,person,0.873,"[112, 144, 640, 479]",0,,
2025-11-13T17:23:13.864421,0,detect,person,0.906,"[123, 145, 640, 479]",0,,
2025-11-13T17:23:14.074312,0,detect,person,0.845,"[107, 145, 640, 479]",0,,
2025-11-13T17:23:14.453042,0,detect,person,0.856,"[125, 143, 640, 479]",0,,
2025-11-13T17:23:14.639964,0,detect,person,0.805,"[123, 143, 544, 479]",0,,
2025-11-13T17:23:14.645518,0,detect,person,0.351,"[504, 347, 639, 479]",1,,
2025-11-13T17:23:14.855641,0,detect,person,0.832,"[113, 143, 640, 479]",0,,
2025-11-13T17:23:14.863188,0,detect,person,0.375,"[517, 340, 639, 478]",1,,
2025-11-13T17:23:14.995418,0,detect,person,0.842,"[121, 142, 563, 479]",0,,
2025-11-13T17:23:15.271109,0,detect,person,0.864,"[123, 142, 558, 479]",0,,
2025-11-13T17:23:15.455606,0,detect,person,0.824,"[120, 143, 574, 479]",0,,
2025-11-13T17:23:15.462847,0,detect,person,0.387,"[525, 342, 639, 478]",1,,
2025-11-13T17:23:15.674971,0,detect,person,0.859,"[122, 142, 583, 479]",0,,
2025-11-13T17:23:15.866007,0,detect,person,0.857,"[123, 143, 610, 479]",0,,
2025-11-13T17:23:15.872563,0,detect,person,0.414,"[521, 348, 639, 479]",1,,
2025-11-13T17:23:15.993055,0,detect,person,0.879,"[121, 143, 634, 479]",0,,
2025-11-13T17:23:15.999241,0,detect,person,0.433,"[521, 349, 639, 479]",1,,
2025-11-13T17:23:16.316111,0,detect,person,0.858,"[123, 144, 585, 479]",0,,
2025-11-13T17:23:16.321798,0,detect,person,0.385,"[518, 349, 639, 479]",1,,
2025-11-13T17:23:16.525508,0,detect,person,0.884,"[121, 143, 570, 479]",0,,
2025-11-13T17:23:16.529487,0,detect,person,0.509,"[519, 351, 639, 479]",1,,
2025-11-13T17:23:16.695335,0,detect,person,0.899,"[123, 144, 629, 479]",0,,
2025-11-13T17:23:16.867825,0,detect,person,0.849,"[123, 144, 569, 479]",0,,
2025-11-13T17:23:17.172210,0,detect,person,0.859,"[124, 144, 621, 479]",0,,
2025-11-13T17:23:17.485162,0,detect,person,0.891,"[125, 144, 547, 479]",0,,
2025-11-13T17:23:17.688041,0,detect,person,0.865,"[123, 143, 550, 479]",0,,
2025-11-13T17:23:17.883488,0,detect,person,0.838,"[124, 143, 542, 479]",0,,
2025-11-13T17:23:18.127555,0,detect,person,0.879,"[125, 144, 546, 479]",0,,
2025-11-13T17:23:18.134083,0,detect,person,0.406,"[520, 349, 639, 479]",1,,
2025-11-13T17:23:18.277337,0,detect,person,0.913,"[123, 143, 534, 479]",0,,
2025-11-13T17:23:18.520381,0,detect,person,0.899,"[120, 147, 531, 479]",0,,
2025-11-13T17:23:18.705465,0,detect,person,0.904,"[120, 144, 530, 479]",0,,
2025-11-13T17:23:18.896378,0,detect,person,0.911,"[126, 145, 528, 479]",0,,
2025-11-13T17:23:19.001000,0,detect,person,0.916,"[128, 149, 525, 479]",0,,
2025-11-13T17:23:19.215526,0,detect,person,0.929,"[129, 150, 524, 479]",0,,
2025-11-13T17:23:19.432770,0,detect,person,0.911,"[128, 150, 522, 479]",0,,
2025-11-13T17:23:19.619283,0,detect,person,0.913,"[127, 151, 521, 479]",0,,
2025-11-13T17:23:19.761905,0,detect,person,0.918,"[128, 153, 520, 479]",0,,
2025-11-13T17:23:20.003010,0,detect,person,0.926,"[129, 153, 523, 479]",0,,
2025-11-13T17:23:20.274934,0,detect,person,0.923,"[130, 153, 524, 479]",0,,
2025-11-13T17:23:20.652076,0,detect,person,0.928,"[129, 153, 526, 479]",0,,
2025-11-13T17:23:20.816665,0,detect,person,0.916,"[129, 153, 524, 479]",0,,
2025-11-13T17:23:21.012400,0,detect,person,0.918,"[124, 156, 522, 479]",0,,
2025-11-13T17:23:21.305304,0,detect,person,0.913,"[122, 156, 518, 479]",0,,
2025-11-13T17:23:21.492075,0,detect,person,0.928,"[119, 156, 510, 479]",0,,
2025-11-13T17:23:21.650931,0,detect,person,0.923,"[115, 156, 505, 479]",0,,
2025-11-13T17:23:21.812479,0,detect,person,0.917,"[115, 155, 506, 479]",0,,
2025-11-13T17:23:22.070215,0,detect,person,0.918,"[113, 155, 504, 479]",0,,
2025-11-13T17:23:22.333564,0,detect,person,0.927,"[112, 154, 501, 479]",0,,
2025-11-13T17:23:22.522481,0,detect,person,0.909,"[106, 155, 499, 479]",0,,
2025-11-13T17:23:22.732619,0,detect,person,0.357,"[89, 165, 395, 479]",0,,
2025-11-13T17:23:22.974475,0,detect,person,0.456,"[60, 170, 480, 479]",0,,
2025-11-13T17:23:23.184259,0,detect,person,0.718,"[0, 171, 453, 479]",0,,
2025-11-13T17:23:23.426611,0,detect,person,0.761,"[37, 169, 436, 479]",0,,
2025-11-13T17:23:23.773915,0,detect,person,0.736,"[1, 171, 437, 479]",0,,
2025-11-13T17:23:24.039287,0,detect,person,0.823,"[34, 178, 463, 479]",0,,
2025-11-13T17:23:24.232087,0,detect,person,0.851,"[88, 176, 483, 479]",0,,
2025-11-13T17:23:24.454787,0,detect,person,0.471,"[103, 175, 514, 479]",0,,
2025-11-13T17:23:24.565988,0,detect,person,0.524,"[137, 169, 540, 479]",0,,
2025-11-13T17:23:24.792747,0,detect,person,0.864,"[137, 163, 545, 479]",0,,
2025-11-13T17:23:24.989264,0,detect,person,0.917,"[141, 162, 548, 479]",0,,
2025-11-13T17:23:25.132172,0,detect,person,0.921,"[141, 161, 543, 479]",0,,
2025-11-13T17:23:25.327691,0,detect,person,0.929,"[140, 163, 535, 479]",0,,
2025-11-13T17:23:25.615562,0,detect,person,0.928,"[143, 164, 531, 479]",0,,
2025-11-13T17:23:25.813584,0,detect,person,0.925,"[148, 165, 530, 479]",0,,
2025-11-13T17:23:26.023605,0,detect,person,0.912,"[151, 165, 528, 479]",0,,
2025-11-13T17:23:26.264216,0,detect,person,0.92,"[150, 163, 525, 479]",0,,
2025-11-13T17:23:26.492225,0,detect,person,0.937,"[150, 161, 523, 479]",0,,
2025-11-13T17:23:26.833118,0,detect,person,0.918,"[146, 161, 520, 479]",0,,
2025-11-13T17:23:26.839962,0,detect,cell phone,0.455,"[333, 316, 376, 351]",1,,
2025-11-13T17:23:27.042338,0,detect,person,0.934,"[134, 165, 513, 479]",0,,
2025-11-13T17:23:27.281858,0,detect,person,0.923,"[127, 166, 510, 479]",0,,
2025-11-13T17:23:27.510930,0,detect,person,0.906,"[115, 163, 510, 479]",0,,
2025-11-13T17:23:27.666392,0,detect,person,0.907,"[116, 159, 509, 479]",0,,
2025-11-13T17:23:27.894829,0,detect,person,0.915,"[118, 157, 512, 479]",0,,
2025-11-13T17:23:28.075377,0,detect,person,0.906,"[117, 157, 514, 479]",0,,
2025-11-13T17:23:28.332697,0,detect,person,0.921,"[116, 157, 515, 479]",0,,
2025-11-13T17:23:28.546322,0,detect,person,0.919,"[118, 157, 515, 479]",0,,
2025-11-13T17:23:28.770292,0,detect,person,0.917,"[115, 157, 518, 479]",0,,
2025-11-13T17:23:28.990024,0,detect,person,0.912,"[116, 158, 520, 479]",0,,
2025-11-13T17:23:29.188218,0,detect,person,0.914,"[116, 157, 517, 479]",0,,
2025-11-13T17:23:29.330775,0,detect,person,0.913,"[116, 156, 515, 479]",0,,
2025-11-13T17:23:29.583944,0,detect,person,0.933,"[119, 155, 517, 479]",0,,
2025-11-13T17:23:29.922218,0,detect,person,0.932,"[119, 154, 516, 479]",0,,
2025-11-13T17:23:30.311686,0,detect,person,0.915,"[120, 156, 512, 479]",0,,
2025-11-13T17:23:30.412309,0,detect,person,0.922,"[118, 156, 512, 479]",0,,
2025-11-13T17:23:30.595451,0,detect,person,0.916,"[119, 156, 513, 479]",0,,
2025-11-13T17:23:30.728131,0,detect,person,0.921,"[119, 155, 512, 479]",0,,
2025-11-13T17:23:30.881183,0,detect,person,0.927,"[120, 156, 512, 479]",0,,
2025-11-13T17:23:31.052967,0,detect,person,0.918,"[120, 155, 514, 479]",0,,
2025-11-13T17:23:31.185628,0,detect,person,0.923,"[120, 156, 513, 479]",0,,
2025-11-13T17:23:31.426592,0,detect,person,0.927,"[118, 155, 514, 479]",0,,
2025-11-13T17:23:31.602583,0,detect,person,0.93,"[120, 157, 514, 479]",0,,
2025-11-13T17:23:31.843075,0,detect,person,0.922,"[119, 155, 513, 479]",0,,
2025-11-13T17:23:32.065743,0,detect,person,0.92,"[119, 156, 512, 479]",0,,
2025-11-13T17:23:32.232577,0,detect,person,0.931,"[119, 156, 513, 479]",0,,
2025-11-13T17:23:32.402325,0,detect,person,0.918,"[119, 156, 514, 479]",0,,
2025-11-13T17:23:32.627709,0,detect,person,0.913,"[120, 157, 514, 479]",0,,
2025-11-13T17:23:32.937640,0,detect,person,0.928,"[120, 157, 511, 479]",0,,
2025-11-13T17:23:33.137526,0,detect,person,0.924,"[119, 156, 512, 479]",0,,
2025-11-13T17:23:33.284482,0,detect,person,0.924,"[118, 155, 510, 479]",0,,
2025-11-13T17:23:33.465801,0,detect,person,0.924,"[120, 155, 509, 479]",0,,
2025-11-13T17:23:33.661057,0,detect,person,0.925,"[119, 154, 512, 479]",0,,
2025-11-13T17:23:33.949096,0,detect,person,0.92,"[119, 152, 516, 479]",0,,
2025-11-13T17:23:34.121940,0,detect,person,0.93,"[119, 152, 517, 479]",0,,
2025-11-13T17:23:34.435336,0,detect,person,0.932,"[118, 151, 517, 479]",0,,
2025-11-13T17:23:34.667406,0,detect,person,0.916,"[120, 151, 516, 479]",0,,
2025-11-13T17:23:34.800473,0,detect,person,0.925,"[120, 152, 516, 479]",0,,
2025-11-13T17:23:35.021336,0,detect,person,0.931,"[120, 153, 516, 479]",0,,
2025-11-13T17:23:35.163032,0,detect,person,0.928,"[120, 154, 517, 479]",0,,
2025-11-13T17:23:35.291839,0,detect,person,0.926,"[118, 153, 516, 479]",0,,
2025-11-13T17:23:35.471360,0,detect,person,0.93,"[121, 155, 517, 479]",0,,
2025-11-13T17:23:35.622794,0,detect,person,0.928,"[121, 154, 516, 479]",0,,
2025-11-13T17:23:35.946681,0,detect,person,0.928,"[123, 153, 516, 479]",0,,
2025-11-13T17:23:36.186107,0,detect,person,0.911,"[124, 155, 518, 479]",0,,
2025-11-13T17:23:36.343754,0,detect,person,0.924,"[124, 156, 517, 479]",0,,
2025-11-13T17:23:36.517102,0,detect,person,0.926,"[126, 156, 519, 479]",0,,
2025-11-13T17:23:36.779247,0,detect,person,0.923,"[123, 156, 519, 479]",0,,
2025-11-13T17:23:36.944814,0,detect,person,0.928,"[127, 156, 520, 479]",0,,
2025-11-13T17:23:37.163104,0,detect,person,0.922,"[124, 156, 520, 479]",0,,
2025-11-13T17:23:37.429381,0,detect,person,0.931,"[123, 156, 522, 479]",0,,
2025-11-13T17:23:37.632716,0,detect,person,0.923,"[124, 155, 521, 479]",0,,
2025-11-13T17:23:37.892107,0,detect,person,0.922,"[122, 156, 521, 479]",0,,
2025-11-13T17:23:38.102118,0,detect,person,0.931,"[124, 157, 521, 479]",0,,
2025-11-13T17:23:38.387090,0,detect,person,0.922,"[122, 156, 520, 479]",0,,
2025-11-13T17:23:38.559343,0,detect,person,0.935,"[124, 155, 519, 479]",0,,
2025-11-13T17:23:38.784155,0,detect,person,0.936,"[125, 156, 519, 479]",0,,
2025-11-13T17:23:39.157977,0,detect,person,0.928,"[126, 156, 519, 479]",0,,
2025-11-13T17:23:39.343151,0,detect,person,0.922,"[124, 156, 519, 479]",0,,
2025-11-13T17:23:39.558492,0,detect,person,0.928,"[126, 156, 519, 479]",0,,
2025-11-13T17:23:39.808498,0,detect,person,0.932,"[126, 156, 518, 479]",0,,
2025-11-13T17:23:40.024161,0,detect,person,0.933,"[125, 156, 519, 479]",0,,
2025-11-13T17:23:40.227208,0,detect,person,0.931,"[126, 156, 518, 479]",0,,
2025-11-13T17:23:40.361593,0,detect,person,0.918,"[125, 155, 517, 479]",0,,
2025-11-13T17:23:40.712258,0,detect,person,0.929,"[125, 155, 518, 479]",0,,
2025-11-13T17:23:40.897427,0,detect,person,0.927,"[127, 155, 518, 479]",0,,
2025-11-13T17:23:41.122276,0,detect,person,0.93,"[127, 155, 519, 479]",0,,
2025-11-13T17:23:41.363413,0,detect,person,0.929,"[127, 157, 518, 479]",0,,
2025-11-13T17:23:42.161896,0,detect,person,0.929,"[126, 155, 518, 479]",0,,
2025-11-13T17:23:42.374702,0,detect,person,0.925,"[125, 156, 518, 479]",0,,
2025-11-13T17:23:42.503898,0,detect,person,0.918,"[126, 156, 517, 479]",0,,
2025-11-13T17:23:42.654933,0,detect,person,0.924,"[126, 156, 517, 479]",0,,
2025-11-13T17:23:42.798446,0,detect,person,0.929,"[127, 155, 518, 479]",0,,
2025-11-13T17:23:42.939759,0,detect,person,0.918,"[126, 156, 517, 479]",0,,
2025-11-13T17:23:43.135102,0,detect,person,0.931,"[126, 156, 518, 479]",0,,
2025-11-13T17:23:43.300417,0,detect,person,0.923,"[126, 156, 518, 479]",0,,
2025-11-13T17:23:43.420334,0,detect,person,0.924,"[126, 156, 518, 479]",0,,
2025-11-13T17:23:43.567350,0,detect,person,0.917,"[127, 156, 519, 479]",0,,
2025-11-13T17:23:43.713514,0,detect,person,0.919,"[127, 156, 517, 479]",0,,
2025-11-13T17:23:43.852959,0,detect,person,0.926,"[127, 155, 517, 479]",0,,
2025-11-13T17:23:44.014392,0,detect,person,0.925,"[128, 156, 518, 479]",0,,
2025-11-13T17:23:44.157392,0,detect,person,0.935,"[128, 156, 518, 479]",0,,
2025-11-13T17:23:44.304228,0,detect,person,0.923,"[127, 157, 517, 479]",0,,
2025-11-13T17:23:44.475620,0,detect,person,0.931,"[127, 156, 518, 479]",0,,
2025-11-13T17:23:44.640250,0,detect,person,0.934,"[127, 156, 518, 479]",0,,
2025-11-13T17:23:44.742394,0,detect,person,0.9,"[126, 155, 518, 479]",0,,
2025-11-13T17:23:44.849912,0,detect,person,0.925,"[126, 156, 518, 479]",0,,
2025-11-13T17:23:44.979874,0,detect,person,0.921,"[127, 156, 517, 479]",0,,
2025-11-13T17:23:45.229169,0,detect,person,0.925,"[126, 156, 517, 479]",0,,
2025-11-13T17:23:45.338629,0,detect,person,0.929,"[126, 155, 517, 479]",0,,
2025-11-13T17:23:45.447741,0,detect,person,0.933,"[126, 155, 517, 479]",0,,
2025-11-13T17:23:45.576081,0,detect,person,0.93,"[127, 156, 517, 479]",0,,
2025-11-13T17:23:45.687536,0,detect,person,0.93,"[127, 156, 518, 479]",0,,
2025-11-13T17:23:45.788370,0,detect,person,0.919,"[125, 156, 517, 479]",0,,
2025-11-13T17:23:45.921260,0,detect,person,0.929,"[126, 156, 517, 479]",0,,
2025-11-13T17:23:46.042532,0,detect,person,0.914,"[126, 155, 517, 479]",0,,
2025-11-13T17:23:46.145697,0,detect,person,0.928,"[126, 156, 517, 479]",0,,
2025-11-13T17:23:46.249472,0,detect,person,0.927,"[127, 155, 518, 479]",0,,
2025-11-13T17:23:46.345576,0,detect,person,0.917,"[126, 155, 518, 479]",0,,
2025-11-13T17:23:46.447519,0,detect,person,0.903,"[124, 158, 517, 479]",0,,
2025-11-13T17:23:46.549517,0,detect,person,0.921,"[126, 158, 517, 479]",0,,
2025-11-13T17:23:46.668295,0,detect,person,0.908,"[127, 159, 517, 479]",0,,
2025-11-13T17:23:46.810184,0,detect,person,0.927,"[128, 158, 517, 479]",0,,
